{"stats":{"minecraft:broken":{"minecraft:stone_pickaxe":3,"minecraft:iron_axe":2,"minecraft:stone_axe":7},"minecraft:killed":{"alexsmobs:lobster":48,"alexsmobs:raccoon":1,"minecraft:spider":12,"minecraft:cod":2,"minecraft:phantom":3,"minecraft:skeleton":23,"minecraft:drowned":3,"minecraft:pig":6,"minecraft:zombie_villager":1,"minecraft:creeper":4,"minecraft:sheep":4,"minecraft:zombie":27,"alexsmobs:terrapin":1,"minecraft:glow_squid":2,"chileancraft:jaiba":1,"minecraft:enderman":3},"minecraft:killed_by":{"minecraft:player":1,"minecraft:skeleton":2},"minecraft:dropped":{"minecraft:iron_ingot":9,"minecraft:wheat_seeds":2,"minecraft:ender_pearl":1,"minecraft:crafting_table":1,"chileancraft:semilla_de_choclo":1,"minecraft:sand":1,"minecraft:iron_axe":1,"minecraft:stone_axe":1,"minecraft:sweet_berries":9,"chileancraft:manzanilla":1,"chileancraft:semilla_de_cebolla":1,"minecraft:stone_pickaxe":1,"minecraft:egg":4},"minecraft:crafted":{"minecraft:oak_door":3,"minecraft:oak_planks":92,"minecraft:furnace":4,"minecraft:cobblestone_stairs":4,"minecraft:spruce_fence":51,"minecraft:cooked_mutton":2,"minecraft:glass_pane":48,"minecraft:glass":81,"minecraft:spruce_stairs":168,"minecraft:iron_boots":1,"minecraft:iron_axe":2,"minecraft:ladder":6,"minecraft:spruce_slab":36,"minecraft:stone_pickaxe":4,"minecraft:chest":2,"minecraft:cooked_porkchop":3,"minecraft:crafting_table":4,"minecraft:spruce_planks":796,"minecraft:dried_kelp":83,"minecraft:wooden_pickaxe":2,"minecraft:iron_helmet":1,"minecraft:spruce_door":3,"minecraft:bucket":1,"minecraft:campfire":3,"minecraft:stone_axe":8,"minecraft:air":0,"minecraft:white_wool":3,"minecraft:iron_chestplate":1,"minecraft:shield":1,"minecraft:stick":56,"minecraft:iron_ingot":75,"minecraft:iron_pickaxe":1,"minecraft:wooden_axe":1,"minecraft:iron_shovel":1,"minecraft:iron_leggings":1,"minecraft:white_bed":1,"minecraft:torch":60,"minecraft:granite_slab":6},"minecraft:mined":{"minecraft:large_amethyst_bud":1,"minecraft:tuff":7,"minecraft:spruce_planks":47,"minecraft:mossy_cobblestone":10,"minecraft:deepslate_diamond_ore":9,"minecraft:cobblestone_stairs":6,"minecraft:granite":9,"minecraft:budding_amethyst":1,"minecraft:spruce_fence":1,"minecraft:grass_block":7,"minecraft:spruce_leaves":37,"minecraft:kelp":2,"minecraft:tall_seagrass":4,"minecraft:spruce_sapling":1,"minecraft:furnace":12,"minecraft:iron_ore":65,"minecraft:cobbled_deepslate":2,"minecraft:andesite":8,"minecraft:stripped_spruce_log":2,"minecraft:granite_slab":4,"minecraft:deepslate_lapis_ore":2,"minecraft:azure_bluet":1,"minecraft:deepslate_iron_ore":12,"minecraft:stone":268,"minecraft:podzol":9,"minecraft:deepslate_redstone_ore":3,"minecraft:brown_mushroom":6,"minecraft:kelp_plant":13,"minecraft:medium_amethyst_bud":1,"minecraft:amethyst_cluster":2,"minecraft:spruce_door":1,"minecraft:dandelion":1,"minecraft:crafting_table":9,"minecraft:torch":2,"minecraft:calcite":2,"minecraft:chest":2,"minecraft:dead_bush":2,"minecraft:campfire":1,"minecraft:copper_ore":2,"minecraft:cobblestone":37,"minecraft:lapis_ore":3,"minecraft:sugar_cane":6,"minecraft:diorite":27,"minecraft:wall_torch":9,"minecraft:amethyst_block":1,"minecraft:spruce_stairs":24,"minecraft:seagrass":3,"chileancraft:manzanilla":1,"minecraft:sweet_berry_bush":15,"minecraft:spruce_log":497,"minecraft:grass":20,"minecraft:oak_log":24,"minecraft:coal_ore":80,"minecraft:gravel":1,"minecraft:sand":84,"minecraft:dirt":1,"minecraft:oak_leaves":3,"minecraft:deepslate":38,"minecraft:fern":44},"minecraft:custom":{"minecraft:mob_kills":148,"minecraft:animals_bred":1,"minecraft:interact_with_crafting_table":80,"minecraft:interact_with_campfire":16,"minecraft:leave_game":6,"minecraft:time_since_death":269064,"minecraft:climb_one_cm":5294,"minecraft:sprint_one_cm":729174,"minecraft:walk_one_cm":1008133,"minecraft:damage_blocked_by_shield":2290,"minecraft:drop":31,"minecraft:talked_to_villager":1,"minecraft:play_time":287442,"minecraft:deaths":3,"minecraft:sneak_time":22936,"minecraft:walk_under_water_one_cm":53685,"minecraft:jump":3614,"minecraft:walk_on_water_one_cm":54213,"minecraft:total_world_time":287442,"minecraft:interact_with_furnace":89,"minecraft:sleep_in_bed":2,"minecraft:time_since_rest":3996,"minecraft:damage_taken":3710,"minecraft:damage_dealt":19616,"minecraft:swim_one_cm":175633,"minecraft:fly_one_cm":449446,"minecraft:open_chest":36,"minecraft:crouch_one_cm":61099,"minecraft:fall_one_cm":59965},"minecraft:used":{"minecraft:iron_shovel":83,"minecraft:spruce_slab":36,"minecraft:dried_kelp":134,"minecraft:ladder":4,"minecraft:chest":4,"minecraft:spruce_planks":442,"minecraft:shield":56,"minecraft:rotten_flesh":29,"minecraft:oak_door":2,"minecraft:torch":72,"minecraft:dirt":2,"minecraft:spruce_stairs":175,"minecraft:tuff":7,"minecraft:spruce_fence":51,"minecraft:granite":4,"minecraft:wooden_axe":7,"minecraft:iron_axe":378,"alexsmobs:cooked_lobster_tail":15,"minecraft:iron_boots":1,"minecraft:sweet_berries":42,"alexsmobs:lobster_bucket":3,"minecraft:furnace":16,"minecraft:oak_sapling":8,"minecraft:potato":2,"minecraft:cobbled_deepslate":51,"minecraft:calcite":2,"minecraft:cooked_mutton":2,"minecraft:water_bucket":3,"minecraft:diorite":27,"minecraft:amethyst_block":1,"minecraft:cobblestone_stairs":8,"minecraft:spruce_door":4,"minecraft:stone_pickaxe":394,"minecraft:wooden_pickaxe":45,"minecraft:sugar_cane":11,"minecraft:white_wool":1,"minecraft:sand":1,"minecraft:crafting_table":12,"minecraft:white_bed":1,"minecraft:campfire":3,"minecraft:cod":2,"minecraft:spruce_log":281,"minecraft:black_wool":1,"minecraft:apple":1,"minecraft:iron_pickaxe":183,"minecraft:spruce_sapling":123,"minecraft:granite_slab":5,"minecraft:stone_axe":837,"minecraft:cobblestone":185,"minecraft:cooked_porkchop":3,"minecraft:bucket":7,"minecraft:andesite":8,"minecraft:glass_pane":48,"alexsmobs:animal_dictionary":7},"minecraft:picked_up":{"minecraft:charcoal":4,"minecraft:crafting_table":10,"minecraft:brown_mushroom":6,"minecraft:wooden_pickaxe":1,"minecraft:amethyst_block":1,"minecraft:string":13,"minecraft:raw_copper":8,"minecraft:iron_axe":1,"minecraft:cobbled_deepslate":51,"minecraft:spruce_planks":58,"minecraft:calcite":2,"alexsmobs:raccoon_tail":1,"minecraft:chest":2,"minecraft:sugar_cane":19,"alexsmobs:cooked_lobster_tail":16,"minecraft:phantom_membrane":2,"minecraft:egg":4,"minecraft:furnace":12,"minecraft:raw_iron":77,"minecraft:stick":68,"minecraft:torch":12,"minecraft:spruce_fence":2,"minecraft:spruce_stairs":21,"chileancraft:jaiva_cruda":1,"minecraft:porkchop":8,"minecraft:dried_kelp":51,"minecraft:diorite":27,"minecraft:redstone":14,"chileancraft:semilla_de_cebolla":1,"minecraft:arrow":21,"minecraft:rotten_flesh":39,"minecraft:mutton":7,"minecraft:cod":2,"minecraft:white_wool":4,"alexsmobs:lobster_tail":16,"minecraft:cobblestone":318,"minecraft:glow_ink_sac":5,"minecraft:andesite":8,"minecraft:potato":1,"minecraft:tuff":7,"minecraft:oak_log":23,"minecraft:gunpowder":5,"minecraft:cobblestone_stairs":6,"minecraft:dirt":19,"minecraft:lapis_lazuli":28,"minecraft:bone":29,"minecraft:apple":1,"minecraft:kelp":105,"minecraft:wheat_seeds":7,"minecraft:stone_pickaxe":1,"minecraft:iron_ingot":2,"minecraft:sweet_berries":47,"minecraft:gravel":1,"minecraft:sand":116,"minecraft:amethyst_shard":8,"minecraft:stripped_spruce_log":5,"minecraft:spruce_sapling":129,"chileancraft:semilla_de_a_ji_cacho_de_cabra":1,"minecraft:granite_slab":4,"minecraft:spruce_log":485,"chileancraft:semilla_de_choclo":1,"minecraft:spruce_door":1,"minecraft:spider_eye":5,"minecraft:mossy_cobblestone":11,"minecraft:diamond":9,"minecraft:stone_axe":1,"minecraft:granite":9,"chileancraft:manzanilla":1,"minecraft:oak_sapling":8,"minecraft:black_wool":1,"minecraft:coal":111,"minecraft:ender_pearl":1}},"DataVersion":3120}