{"stats":{"minecraft:dropped":{"minecraft:crafting_table":1},"minecraft:custom":{"minecraft:interact_with_furnace":8,"minecraft:mob_kills":15,"minecraft:interact_with_crafting_table":13,"minecraft:leave_game":3,"minecraft:time_since_death":25773,"minecraft:time_since_rest":25817,"minecraft:sprint_one_cm":117541,"minecraft:damage_taken":1023,"minecraft:walk_one_cm":98643,"minecraft:drop":1,"minecraft:damage_dealt":1447,"minecraft:swim_one_cm":47356,"minecraft:fly_one_cm":100869,"minecraft:crouch_one_cm":10408,"minecraft:play_time":44151,"minecraft:deaths":3,"minecraft:sneak_time":5257,"minecraft:walk_under_water_one_cm":9465,"minecraft:jump":832,"minecraft:walk_on_water_one_cm":12848,"minecraft:total_world_time":44151,"minecraft:fall_one_cm":16825},"minecraft:crafted":{"minecraft:oak_planks":24,"minecraft:cooked_porkchop":3,"minecraft:crafting_table":3,"minecraft:spruce_planks":20,"minecraft:dried_kelp":8,"minecraft:wooden_pickaxe":2,"minecraft:furnace":1,"minecraft:stone_axe":2,"minecraft:air":0,"minecraft:stick":24,"minecraft:stone_pickaxe":4,"minecraft:torch":8},"minecraft:picked_up":{"minecraft:crafting_table":3,"minecraft:andesite":8,"minecraft:wooden_pickaxe":1,"minecraft:oak_log":6,"minecraft:dirt":1,"minecraft:kelp":105,"minecraft:spruce_planks":11,"minecraft:sugar_cane":19,"minecraft:stick":3,"minecraft:raw_iron":3,"minecraft:sweet_berries":39,"minecraft:torch":2,"minecraft:gravel":1,"minecraft:sand":1,"minecraft:porkchop":8,"minecraft:spruce_sapling":1,"minecraft:diorite":3,"minecraft:spruce_log":5,"minecraft:rotten_flesh":4,"minecraft:black_wool":1,"minecraft:mutton":7,"minecraft:coal":51,"minecraft:cod":2,"minecraft:white_wool":4,"minecraft:cobblestone":207},"minecraft:broken":{"minecraft:stone_pickaxe":1},"minecraft:killed_by":{"minecraft:player":1,"minecraft:skeleton":2},"minecraft:mined":{"minecraft:kelp_plant":13,"minecraft:dandelion":1,"minecraft:crafting_table":2,"minecraft:grass_block":1,"minecraft:spruce_leaves":12,"minecraft:sugar_cane":6,"minecraft:kelp":2,"minecraft:diorite":3,"minecraft:wall_torch":2,"minecraft:seagrass":3,"minecraft:tall_seagrass":4,"minecraft:iron_ore":3,"minecraft:sweet_berry_bush":15,"minecraft:spruce_log":5,"minecraft:andesite":8,"minecraft:azure_bluet":1,"minecraft:grass":1,"minecraft:coal_ore":46,"minecraft:oak_log":6,"minecraft:sand":1,"minecraft:gravel":1,"minecraft:stone":194,"minecraft:oak_leaves":2},"minecraft:killed":{"minecraft:pig":6,"minecraft:cod":2,"minecraft:sheep":4,"minecraft:zombie":1,"minecraft:drowned":1},"minecraft:used":{"minecraft:stone_pickaxe":210,"minecraft:dried_kelp":1,"minecraft:wooden_pickaxe":45,"minecraft:torch":8,"minecraft:dirt":1,"minecraft:sand":1,"minecraft:crafting_table":4,"minecraft:cod":2,"minecraft:spruce_sapling":1,"minecraft:stone_axe":23,"minecraft:cobblestone":9,"minecraft:sweet_berries":4,"minecraft:furnace":1,"minecraft:cooked_porkchop":2}},"DataVersion":3120}