{"stats":{"minecraft:killed_by":{"minecraft:player":1,"minecraft:skeleton":2},"minecraft:crafted":{"minecraft:oak_planks":92,"minecraft:cooked_porkchop":3,"minecraft:crafting_table":3,"minecraft:spruce_planks":20,"minecraft:dried_kelp":83,"minecraft:wooden_pickaxe":2,"minecraft:iron_helmet":1,"minecraft:furnace":4,"minecraft:bucket":1,"minecraft:stone_axe":2,"minecraft:cooked_mutton":2,"minecraft:air":0,"minecraft:iron_chestplate":1,"minecraft:iron_boots":1,"minecraft:shield":1,"minecraft:iron_axe":1,"minecraft:stick":32,"minecraft:iron_ingot":53,"minecraft:iron_pickaxe":1,"minecraft:stone_pickaxe":4,"minecraft:iron_leggings":1,"minecraft:torch":52},"minecraft:picked_up":{"minecraft:crafting_table":7,"minecraft:glow_ink_sac":5,"minecraft:andesite":8,"minecraft:wooden_pickaxe":1,"minecraft:potato":1,"minecraft:tuff":3,"minecraft:oak_log":23,"minecraft:amethyst_block":1,"minecraft:lapis_lazuli":28,"minecraft:dirt":1,"minecraft:bone":9,"minecraft:apple":1,"minecraft:kelp":105,"minecraft:cobbled_deepslate":48,"minecraft:spruce_planks":11,"minecraft:iron_ingot":2,"minecraft:stone_pickaxe":1,"minecraft:calcite":2,"minecraft:sugar_cane":19,"minecraft:furnace":8,"minecraft:stick":5,"minecraft:raw_iron":77,"minecraft:sweet_berries":39,"minecraft:amethyst_shard":8,"minecraft:torch":2,"minecraft:gravel":1,"minecraft:sand":1,"minecraft:porkchop":8,"minecraft:dried_kelp":22,"minecraft:spruce_sapling":1,"minecraft:diorite":13,"minecraft:spruce_log":5,"minecraft:redstone":14,"minecraft:arrow":4,"minecraft:rotten_flesh":15,"minecraft:diamond":9,"minecraft:granite":4,"minecraft:oak_sapling":8,"minecraft:black_wool":1,"minecraft:mutton":7,"minecraft:coal":104,"minecraft:cod":2,"minecraft:white_wool":4,"minecraft:cobblestone":241},"minecraft:used":{"minecraft:calcite":2,"minecraft:cooked_mutton":2,"minecraft:diorite":13,"minecraft:amethyst_block":1,"minecraft:stone_pickaxe":394,"minecraft:dried_kelp":52,"minecraft:shield":27,"minecraft:wooden_pickaxe":45,"minecraft:white_wool":1,"minecraft:torch":50,"minecraft:dirt":1,"minecraft:sand":1,"minecraft:crafting_table":7,"minecraft:cod":2,"minecraft:tuff":1,"minecraft:granite":4,"minecraft:black_wool":1,"minecraft:apple":1,"minecraft:iron_axe":23,"minecraft:iron_pickaxe":49,"minecraft:iron_boots":1,"minecraft:spruce_sapling":1,"minecraft:stone_axe":92,"minecraft:cobblestone":9,"minecraft:sweet_berries":4,"minecraft:furnace":8,"minecraft:cooked_porkchop":3,"minecraft:bucket":1,"minecraft:andesite":8,"minecraft:potato":2,"minecraft:cobbled_deepslate":26},"minecraft:broken":{"minecraft:stone_pickaxe":3,"minecraft:stone_axe":1},"minecraft:mined":{"minecraft:deepslate_redstone_ore":3,"minecraft:large_amethyst_bud":1,"minecraft:tuff":3,"minecraft:deepslate_diamond_ore":9,"minecraft:kelp_plant":13,"minecraft:medium_amethyst_bud":1,"minecraft:amethyst_cluster":2,"minecraft:dandelion":1,"minecraft:crafting_table":6,"minecraft:granite":4,"minecraft:budding_amethyst":1,"minecraft:calcite":2,"minecraft:grass_block":1,"minecraft:lapis_ore":3,"minecraft:spruce_leaves":12,"minecraft:sugar_cane":6,"minecraft:kelp":2,"minecraft:diorite":13,"minecraft:wall_torch":2,"minecraft:amethyst_block":1,"minecraft:seagrass":3,"minecraft:tall_seagrass":4,"minecraft:furnace":8,"minecraft:cobbled_deepslate":2,"minecraft:iron_ore":65,"minecraft:sweet_berry_bush":15,"minecraft:spruce_log":5,"minecraft:andesite":8,"minecraft:deepslate_lapis_ore":2,"minecraft:azure_bluet":1,"minecraft:grass":1,"minecraft:oak_log":24,"minecraft:coal_ore":80,"minecraft:deepslate_iron_ore":12,"minecraft:sand":1,"minecraft:gravel":1,"minecraft:stone":228,"minecraft:deepslate":38,"minecraft:oak_leaves":2},"minecraft:custom":{"minecraft:interact_with_furnace":65,"minecraft:mob_kills":43,"minecraft:interact_with_crafting_table":29,"minecraft:leave_game":4,"minecraft:time_since_death":74212,"minecraft:time_since_rest":74256,"minecraft:sprint_one_cm":200697,"minecraft:damage_taken":1663,"minecraft:walk_one_cm":214544,"minecraft:damage_blocked_by_shield":1420,"minecraft:drop":2,"minecraft:damage_dealt":6127,"minecraft:swim_one_cm":47528,"minecraft:fly_one_cm":163697,"minecraft:crouch_one_cm":22841,"minecraft:play_time":92590,"minecraft:deaths":3,"minecraft:sneak_time":11035,"minecraft:walk_under_water_one_cm":9698,"minecraft:jump":1538,"minecraft:walk_on_water_one_cm":20341,"minecraft:total_world_time":92590,"minecraft:fall_one_cm":29193},"minecraft:killed":{"minecraft:pig":6,"minecraft:spider":1,"minecraft:cod":2,"minecraft:skeleton":8,"minecraft:sheep":4,"minecraft:zombie":16,"minecraft:drowned":1,"minecraft:glow_squid":2},"minecraft:dropped":{"minecraft:crafting_table":1,"minecraft:stone_pickaxe":1}},"DataVersion":3120}