{"stats":{"minecraft:killed_by":{"minecraft:skeleton":1,"minecraft:zombie":1,"minecraft:drowned":2},"minecraft:crafted":{"minecraft:stone_shovel":15,"minecraft:crafting_table":3,"minecraft:spruce_planks":124,"minecraft:dried_kelp":50,"minecraft:wooden_pickaxe":1,"minecraft:spruce_door":3,"minecraft:furnace":1,"minecraft:stone_axe":15,"minecraft:spruce_fence":15,"minecraft:campfire":1,"minecraft:air":0,"minecraft:charcoal":30,"minecraft:stick":80,"minecraft:stone_pickaxe":6,"minecraft:chest":2,"minecraft:sandstone":7,"minecraft:spruce_fence_gate":2,"minecraft:torch":60},"minecraft:used":{"minecraft:spruce_door":19,"minecraft:stone_shovel":1554,"minecraft:stone_pickaxe":442,"minecraft:dried_kelp":70,"minecraft:chest":2,"minecraft:spruce_planks":3,"minecraft:wooden_pickaxe":26,"minecraft:sandstone":12,"minecraft:spruce_fence_gate":2,"minecraft:cooked_salmon":2,"minecraft:rotten_flesh":24,"minecraft:torch":45,"minecraft:dirt":45,"minecraft:sand":220,"minecraft:crafting_table":10,"minecraft:campfire":1,"minecraft:spruce_fence":14,"minecraft:spruce_log":3,"minecraft:spruce_sapling":42,"minecraft:stone_axe":1141,"minecraft:furnace":2,"minecraft:cooked_cod":2,"minecraft:coarse_dirt":4},"minecraft:picked_up":{"minecraft:nautilus_shell":1,"minecraft:charcoal":7,"minecraft:coarse_dirt":9,"minecraft:crafting_table":11,"minecraft:salmon":11,"minecraft:brown_mushroom":4,"minecraft:wooden_pickaxe":1,"minecraft:gunpowder":2,"minecraft:string":1,"minecraft:dirt":1180,"minecraft:raw_copper":24,"minecraft:cooked_salmon":2,"minecraft:bone":4,"minecraft:kelp":163,"minecraft:wheat_seeds":2,"minecraft:spruce_planks":8,"minecraft:stone_pickaxe":2,"minecraft:chest":1,"minecraft:furnace":1,"minecraft:stick":88,"minecraft:sandstone":9,"minecraft:torch":4,"minecraft:spruce_fence":1,"minecraft:sand":1127,"minecraft:dried_kelp":27,"minecraft:spruce_sapling":202,"minecraft:spruce_log":976,"minecraft:mossy_cobblestone":12,"minecraft:spruce_door":19,"minecraft:spider_eye":1,"minecraft:arrow":5,"minecraft:rotten_flesh":39,"minecraft:cooked_cod":2,"minecraft:stone_axe":3,"minecraft:granite":4,"minecraft:cod":2,"minecraft:cobblestone":492},"minecraft:broken":{"minecraft:stone_pickaxe":3,"minecraft:stone_axe":7,"minecraft:stone_shovel":11},"minecraft:mined":{"minecraft:podzol":22,"minecraft:spruce_planks":3,"minecraft:brown_mushroom":4,"minecraft:mossy_cobblestone":12,"minecraft:kelp_plant":31,"minecraft:spruce_door":18,"minecraft:torch":4,"minecraft:crafting_table":10,"minecraft:granite":5,"minecraft:grass_block":373,"minecraft:chest":1,"minecraft:copper_ore":7,"minecraft:spruce_leaves":47,"minecraft:kelp":12,"minecraft:sandstone":9,"minecraft:tall_seagrass":1,"minecraft:coarse_dirt":7,"minecraft:spruce_sapling":9,"minecraft:furnace":1,"minecraft:spruce_log":928,"minecraft:grass":4,"minecraft:sand":843,"minecraft:dirt":352,"minecraft:stone":431,"minecraft:fern":8},"minecraft:custom":{"minecraft:interact_with_furnace":24,"minecraft:mob_kills":54,"minecraft:interact_with_crafting_table":31,"minecraft:interact_with_campfire":31,"minecraft:leave_game":2,"minecraft:time_since_death":0,"minecraft:time_since_rest":95,"minecraft:sprint_one_cm":144850,"minecraft:damage_taken":2260,"minecraft:walk_one_cm":241119,"minecraft:drop":1,"minecraft:damage_dealt":8398,"minecraft:swim_one_cm":143618,"minecraft:fly_one_cm":106939,"minecraft:player_kills":1,"minecraft:open_chest":31,"minecraft:crouch_one_cm":75502,"minecraft:play_time":114241,"minecraft:deaths":4,"minecraft:sneak_time":21025,"minecraft:walk_under_water_one_cm":83332,"minecraft:jump":1161,"minecraft:walk_on_water_one_cm":38794,"minecraft:total_world_time":114241,"minecraft:fall_one_cm":12239},"minecraft:killed":{"minecraft:salmon":12,"minecraft:spider":2,"minecraft:cod":2,"minecraft:creeper":2,"minecraft:skeleton":1,"minecraft:zombie":17,"minecraft:drowned":18},"minecraft:dropped":{"minecraft:stone_axe":1}},"DataVersion":3120}