{"stats":{"minecraft:custom":{"minecraft:interact_with_furnace":10,"minecraft:mob_kills":17,"minecraft:interact_with_crafting_table":22,"minecraft:interact_with_campfire":29,"minecraft:leave_game":1,"minecraft:time_since_death":11120,"minecraft:time_since_rest":11147,"minecraft:sprint_one_cm":49065,"minecraft:damage_taken":1050,"minecraft:walk_one_cm":147946,"minecraft:damage_dealt":2935,"minecraft:swim_one_cm":35236,"minecraft:fly_one_cm":41161,"minecraft:player_kills":1,"minecraft:open_chest":9,"minecraft:crouch_one_cm":48098,"minecraft:play_time":53691,"minecraft:deaths":1,"minecraft:sneak_time":9588,"minecraft:walk_under_water_one_cm":7899,"minecraft:jump":620,"minecraft:walk_on_water_one_cm":10504,"minecraft:total_world_time":53691,"minecraft:fall_one_cm":7665},"minecraft:crafted":{"minecraft:stone_shovel":8,"minecraft:crafting_table":2,"minecraft:spruce_planks":92,"minecraft:dried_kelp":10,"minecraft:wooden_pickaxe":1,"minecraft:spruce_door":3,"minecraft:furnace":1,"minecraft:stone_axe":3,"minecraft:campfire":1,"minecraft:spruce_fence":15,"minecraft:air":0,"minecraft:charcoal":13,"minecraft:stick":48,"minecraft:stone_pickaxe":4,"minecraft:chest":2,"minecraft:spruce_fence_gate":2,"minecraft:torch":8},"minecraft:picked_up":{"minecraft:charcoal":7,"minecraft:crafting_table":8,"minecraft:coarse_dirt":4,"minecraft:salmon":2,"minecraft:wooden_pickaxe":1,"minecraft:dirt":910,"minecraft:raw_copper":24,"minecraft:cooked_salmon":2,"minecraft:bone":1,"minecraft:kelp":37,"minecraft:spruce_planks":8,"minecraft:stone_pickaxe":2,"minecraft:furnace":1,"minecraft:stick":11,"minecraft:spruce_fence":1,"minecraft:sand":631,"minecraft:dried_kelp":27,"minecraft:spruce_sapling":19,"minecraft:spruce_log":136,"minecraft:spider_eye":1,"minecraft:arrow":2,"minecraft:rotten_flesh":15,"minecraft:stone_axe":2,"minecraft:granite":1,"minecraft:cobblestone":455},"minecraft:broken":{"minecraft:stone_pickaxe":2,"minecraft:stone_axe":1,"minecraft:stone_shovel":6},"minecraft:killed_by":{"minecraft:zombie":1},"minecraft:mined":{"minecraft:spruce_planks":3,"minecraft:kelp_plant":9,"minecraft:crafting_table":7,"minecraft:granite":2,"minecraft:grass_block":267,"minecraft:copper_ore":7,"minecraft:spruce_leaves":36,"minecraft:kelp":8,"minecraft:coarse_dirt":2,"minecraft:furnace":1,"minecraft:spruce_log":88,"minecraft:grass":2,"minecraft:sand":354,"minecraft:dirt":209,"minecraft:stone":394},"minecraft:killed":{"minecraft:salmon":2,"minecraft:spider":1,"minecraft:zombie":8,"minecraft:drowned":6},"minecraft:used":{"minecraft:stone_shovel":811,"minecraft:stone_pickaxe":381,"minecraft:dried_kelp":37,"minecraft:chest":2,"minecraft:spruce_planks":3,"minecraft:wooden_pickaxe":26,"minecraft:spruce_fence_gate":2,"minecraft:cooked_salmon":2,"minecraft:rotten_flesh":8,"minecraft:torch":8,"minecraft:dirt":31,"minecraft:sand":88,"minecraft:crafting_table":7,"minecraft:campfire":1,"minecraft:spruce_fence":14,"minecraft:spruce_log":3,"minecraft:spruce_sapling":1,"minecraft:stone_axe":168,"minecraft:furnace":2}},"DataVersion":3120}